feature,importance
ma20,0.5025856055425405
ma5,0.49741439445745955
signal_num,0.0
