signal,stock_count,percentage
偏多,6,0.2
弱多,7,0.23333333333333334
中性,2,0.06666666666666667
弱空,13,0.43333333333333335
偏空,2,0.06666666666666667
